Webb;Gretchen
Caladrius;Ange
Noudjemet;Aton
Bucentaure;Jenny
Ponsable;Therese
Malkiewicz;Deborah
Zahner;Aurelien
Cypher;Luc
Belbertel;Yves
Ahkiyyini;Oki
Canilhac;Blaise
Amarok;Louis
Von Bloodt;Rose
Von Bloodt;Francis
Spriggan;Steven
Jefferson;Sirius
Cabanis;Honorine
Grave;Chase
Debault;Blaine
Moore;Liv
Babineaux;Dale
Cullen;Edward
Cullen;Bella
Hell;belzebuth
Hell;Lucifer
black;jacob
White;Seth
XIV;louis
hallyday;johnny
apprentie;Sabrina
;
Webb;Gretchen
Caladrius;Ange
Noudjemet;Aton
Bucentaure;Jenny
Ponsable;Therese
Malkiewicz;Deborah
Zahner;Aurelien
Cypher;Luc
Belbertel;Yves
Ahkiyyini;Oki
Canilhac;Blaise
Amarok;Louis
Von Bloodt;Rose
Von Bloodt;Francis
Spriggan;Steven
Jefferson;Sirius
Cabanis;Honorine
Grave;Chase
Debault;Blaine
Moore;Liv
Babineaux;Dale
Cullen;Edward
Cullen;Bella
Hell;belzebuth
Hell;Lucifer
black;jacob
White;Seth
XIV;louis
hallyday;johnny
apprentie;Sabrina
